STATE,STATENAME,ST_CASE,PEDS,PERNOTMVIT,VE_TOTAL,VE_FORMS,PVH_INVL,PERSONS,PERMVIT,COUNTY,COUNTYNAME,CITY,CITYNAME,MONTH,MONTHNAME,DAY,DAYNAME,DAY_WEEK,DAY_WEEKNAME,YEAR,HOUR,HOURNAME,MINUTE,MINUTENAME,TWAY_ID,TWAY_ID2,ROUTE,ROUTENAME,RUR_URB,RUR_URBNAME,FUNC_SYS,FUNC_SYSNAME,RD_OWNER,RD_OWNERNAME,NHS,NHSNAME,SP_JUR,SP_JURNAME,MILEPT,MILEPTNAME,LATITUDE,LATITUDENAME,LONGITUD,LONGITUDNAME,HARM_EV,HARM_EVNAME,MAN_COLL,MAN_COLLNAME,RELJCT1,RELJCT1NAME,RELJCT2,RELJCT2NAME,TYP_INT,TYP_INTNAME,REL_ROAD,REL_ROADNAME,WRK_ZONE,WRK_ZONENAME,LGT_COND,LGT_CONDNAME,WEATHER,WEATHERNAME,SCH_BUS,SCH_BUSNAME,RAIL,RAILNAME,NOT_HOUR,NOT_HOURNAME,NOT_MIN,NOT_MINNAME,ARR_HOUR,ARR_HOURNAME,ARR_MIN,ARR_MINNAME,HOSP_HR,HOSP_HRNAME,HOSP_MN,HOSP_MNNAME,FATALS
46,South Dakota,460062,0,0,1,1,0,1,1,101,MOODY (101),0,NOT APPLICABLE,8,August,24,24,4,Wednesday,2022,0,0:00am-0:59am,0,0,CR-237 ST,NA,4,County Road,1,Rural,7,Local,3,Town or Township Highway Agency,0,This section IS NOT on the NHS,0,No Special Jurisdiction,0,None,43.94993056,43.94993056,-96.81246111,-96.81246111,35,Embankment,0,The First Harmful Event was Not a Collision with a Motor Vehicle in Transport,0,No,1,Non-Junction,1,Not an Intersection,4,On Roadside,0,None,9,Reported as Unknown,1,Clear,0,No,0000000,Not Applicable,6,6:00am-6:59am,35,35,6,6:00am-6:59am,56,56,88,Not Applicable (Not Transported),88,Not Applicable (Not Transported),1
46,South Dakota,460063,0,0,2,2,0,2,2,87,MCCOOK (87),0,NOT APPLICABLE,8,August,25,25,5,Thursday,2022,8,8:00am-8:59am,10,10,I-90 E,NA,1,Interstate,1,Rural,1,Interstate,1,State Highway Agency,1,This section IS ON the NHS,0,No Special Jurisdiction,3712,3712,43.66604722,43.66604722,-97.24479167,-97.24479167,12,Motor Vehicle In-Transport,8,Sideswipe - Opposite Direction,0,No,1,Non-Junction,1,Not an Intersection,1,On Roadway,1,Construction,1,Daylight,1,Clear,0,No,0000000,Not Applicable,8,8:00am-8:59am,10,10,8,8:00am-8:59am,21,21,88,Not Applicable (Not Transported),88,Not Applicable (Not Transported),1
46,South Dakota,460064,0,0,2,2,0,2,2,33,CUSTER (33),0,NOT APPLICABLE,8,August,26,26,6,Friday,2022,8,8:00am-8:59am,38,38,SR-79,NA,3,State Highway,1,Rural,2,Principal Arterial - Other Freeways and Expressways,1,State Highway Agency,1,This section IS ON the NHS,0,No Special Jurisdiction,590,590,43.82347222,43.82347222,-103.20005278,-103.20005278,12,Motor Vehicle In-Transport,6,Angle,0,No,8,Driveway Access Related,1,Not an Intersection,1,On Roadway,0,None,1,Daylight,10,Cloudy,0,No,0000000,Not Applicable,8,8:00am-8:59am,41,41,8,8:00am-8:59am,58,58,9,9:00am-9:59am,37,37,1
46,South Dakota,460065,0,0,1,1,0,1,1,57,HAMLIN (57),500,CASTLEWOOD,8,August,19,19,6,Friday,2022,11,11:00am-11:59am,57,57,MARKET ST,NA,6,Local Street - Municipality,1,Rural,7,Local,4,City or Municipal Highway Agency,0,This section IS NOT on the NHS,0,No Special Jurisdiction,0,None,44.71962778,44.71962778,-97.027475,-97.027475,5,Fell/Jumped from Vehicle,0,The First Harmful Event was Not a Collision with a Motor Vehicle in Transport,0,No,1,Non-Junction,1,Not an Intersection,1,On Roadway,0,None,1,Daylight,2,Rain,0,No,0000000,Not Applicable,99,Unknown,99,Unknown,99,Unknown EMS Scene Arrival Hour,99,Unknown EMS Scene Arrival Minutes,99,Unknown,99,Unknown EMS Hospital Arrival Time,1
46,South Dakota,460066,0,0,1,1,0,3,3,81,LAWRENCE (81),0,NOT APPLICABLE,8,August,26,26,6,Friday,2022,18,6:00pm-6:59pm,35,35,CR-EXPERIMENTAL FOREST,NA,4,County Road,1,Rural,7,Local,64,U.S. Forest Service,0,This section IS NOT on the NHS,0,No Special Jurisdiction,0,None,44.17858333,44.17858333,-103.63376389,-103.63376389,1,Rollover/Overturn,0,The First Harmful Event was Not a Collision with a Motor Vehicle in Transport,0,No,1,Non-Junction,1,Not an Intersection,4,On Roadside,0,None,1,Daylight,1,Clear,0,No,0000000,Not Applicable,18,6:00pm-6:59pm,43,43,19,7:00pm-7:59pm,5,5,19,7:00pm-7:59pm,50,50,1
46,South Dakota,460067,0,0,1,1,0,1,1,103,PENNINGTON (103),0,NOT APPLICABLE,9,September,3,3,7,Saturday,2022,22,10:00pm-10:59pm,33,33,US-385,NA,2,US Highway,1,Rural,3,Principal Arterial - Other,1,State Highway Agency,1,This section IS ON the NHS,0,No Special Jurisdiction,960,960,44.07969167,44.07969167,-103.4906,-103.4906,24,Guardrail Face,0,The First Harmful Event was Not a Collision with a Motor Vehicle in Transport,0,No,1,Non-Junction,1,Not an Intersection,4,On Roadside,0,None,2,Dark - Not Lighted,1,Clear,0,No,0000000,Not Applicable,22,10:00pm-10:59pm,34,34,22,10:00pm-10:59pm,56,56,88,Not Applicable (Not Transported),88,Not Applicable (Not Transported),1
46,South Dakota,460068,0,0,2,2,0,2,2,45,EDMUNDS (45),0,NOT APPLICABLE,9,September,7,7,4,Wednesday,2022,11,11:00am-11:59am,30,30,US-12,CR-330 AVE,2,US Highway,1,Rural,3,Principal Arterial - Other,1,State Highway Agency,1,This section IS ON the NHS,0,No Special Jurisdiction,2370,2370,45.44858333,45.44858333,-99.56458611,-99.56458611,12,Motor Vehicle In-Transport,6,Angle,0,No,2,Intersection,2,Four-Way Intersection,1,On Roadway,0,None,1,Daylight,1,Clear,0,No,0000000,Not Applicable,11,11:00am-11:59am,38,38,11,11:00am-11:59am,40,40,12,12:00pm-12:59pm,6,6,1
46,South Dakota,460069,0,0,1,1,0,1,1,77,KINGSBURY (77),0,NOT APPLICABLE,8,August,29,29,2,Monday,2022,13,1:00pm-1:59pm,35,35,CR-200 ST,NA,4,County Road,1,Rural,5,Major Collector,2,County Highway Agency,0,This section IS NOT on the NHS,0,No Special Jurisdiction,0,None,44.48450278,44.48450278,-97.47716944,-97.47716944,1,Rollover/Overturn,0,The First Harmful Event was Not a Collision with a Motor Vehicle in Transport,0,No,1,Non-Junction,1,Not an Intersection,4,On Roadside,0,None,1,Daylight,1,Clear,0,No,0000000,Not Applicable,13,1:00pm-1:59pm,33,33,13,1:00pm-1:59pm,46,46,14,2:00pm-2:59pm,5,5,1
46,South Dakota,460070,0,0,1,1,0,3,3,41,DEWEY (41),0,NOT APPLICABLE,9,September,8,8,5,Thursday,2022,6,6:00am-6:59am,50,50,CR-BIA RD 3,NA,4,County Road,1,Rural,5,Major Collector,62,Bureau of Indian Affairs,0,This section IS NOT on the NHS,3,Indian Reservation,0,None,45.13650278,45.13650278,-100.79352222,-100.79352222,1,Rollover/Overturn,0,The First Harmful Event was Not a Collision with a Motor Vehicle in Transport,0,No,1,Non-Junction,1,Not an Intersection,4,On Roadside,0,None,1,Daylight,1,Clear,0,No,0000000,Not Applicable,6,6:00am-6:59am,50,50,7,7:00am-7:59am,15,15,8,8:00am-8:59am,4,4,1
46,South Dakota,460071,0,0,1,1,0,2,2,83,LINCOLN (83),0,NOT APPLICABLE,9,September,10,10,7,Saturday,2022,13,1:00pm-1:59pm,10,10,CR-486 AVE,NA,4,County Road,1,Rural,5,Major Collector,2,County Highway Agency,0,This section IS NOT on the NHS,0,No Special Jurisdiction,0,None,43.12495,43.12495,-96.48016389,-96.48016389,1,Rollover/Overturn,0,The First Harmful Event was Not a Collision with a Motor Vehicle in Transport,0,No,1,Non-Junction,1,Not an Intersection,4,On Roadside,0,None,1,Daylight,1,Clear,0,No,0000000,Not Applicable,13,1:00pm-1:59pm,14,14,13,1:00pm-1:59pm,19,19,13,1:00pm-1:59pm,42,42,1
46,South Dakota,460072,0,0,1,1,0,4,4,109,ROBERTS (109),0,NOT APPLICABLE,9,September,10,10,7,Saturday,2022,22,10:00pm-10:59pm,50,50,CR-454 AVE,NA,4,County Road,1,Rural,5,Major Collector,2,County Highway Agency,0,This section IS NOT on the NHS,3,Indian Reservation,0,None,45.56079167,45.56079167,-97.12388333,-97.12388333,35,Embankment,0,The First Harmful Event was Not a Collision with a Motor Vehicle in Transport,0,No,1,Non-Junction,1,Not an Intersection,4,On Roadside,0,None,2,Dark - Not Lighted,1,Clear,0,No,0000000,Not Applicable,22,10:00pm-10:59pm,50,50,23,11:00pm-11:59pm,8,8,23,11:00pm-11:59pm,35,35,3
46,South Dakota,460073,0,0,2,2,0,2,2,123,TRIPP (123),0,NOT APPLICABLE,9,September,15,15,5,Thursday,2022,17,5:00pm-5:59pm,54,54,US-183,NA,2,US Highway,1,Rural,4,Minor Arterial,1,State Highway Agency,0,This section IS NOT on the NHS,0,No Special Jurisdiction,140,140,43.18593611,43.18593611,-99.71175,-99.71175,12,Motor Vehicle In-Transport,2,Front-to-Front,0,No,1,Non-Junction,1,Not an Intersection,4,On Roadside,0,None,1,Daylight,1,Clear,0,No,0000000,Not Applicable,17,5:00pm-5:59pm,55,55,18,6:00pm-6:59pm,2,2,18,6:00pm-6:59pm,28,28,1
46,South Dakota,460074,0,0,2,2,0,2,2,3,AURORA (3),0,NOT APPLICABLE,9,September,16,16,6,Friday,2022,15,3:00pm-3:59pm,10,10,CR-389 AVE,MAIN ST,5,Local Street - Township,1,Rural,7,Local,3,Town or Township Highway Agency,0,This section IS NOT on the NHS,0,No Special Jurisdiction,0,None,43.58927222,43.58927222,-98.42491667,-98.42491667,12,Motor Vehicle In-Transport,6,Angle,0,No,2,Intersection,3,T-Intersection,1,On Roadway,0,None,1,Daylight,1,Clear,0,No,0000000,Not Applicable,99,Unknown,99,Unknown,99,Unknown EMS Scene Arrival Hour,99,Unknown EMS Scene Arrival Minutes,88,Not Applicable (Not Transported),88,Not Applicable (Not Transported),1
46,South Dakota,460075,0,0,2,2,0,4,4,103,PENNINGTON (103),0,NOT APPLICABLE,9,September,21,21,4,Wednesday,2022,7,7:00am-7:59am,51,51,CR-COUNTRY RD,NA,4,County Road,2,Urban,7,Local,2,County Highway Agency,0,This section IS NOT on the NHS,0,No Special Jurisdiction,0,None,44.12558333,44.12558333,-103.11430556,-103.11430556,12,Motor Vehicle In-Transport,2,Front-to-Front,0,No,1,Non-Junction,1,Not an Intersection,1,On Roadway,0,None,1,Daylight,2,Rain,0,No,0000000,Not Applicable,7,7:00am-7:59am,53,53,8,8:00am-8:59am,6,6,9,9:00am-9:59am,6,6,1
46,South Dakota,460076,1,1,1,1,0,1,1,99,MINNEHAHA (99),2450,SIOUX FALLS,8,August,29,29,2,Monday,2022,16,4:00pm-4:59pm,28,28,W 33RD,S GRANGE AVE,6,Local Street - Municipality,2,Urban,5,Major Collector,4,City or Municipal Highway Agency,0,This section IS NOT on the NHS,0,No Special Jurisdiction,0,None,43.52206389,43.52206389,-96.74123333,-96.74123333,9,Pedalcyclist,0,The First Harmful Event was Not a Collision with a Motor Vehicle in Transport,0,No,3,Intersection-Related,2,Four-Way Intersection,1,On Roadway,0,None,1,Daylight,1,Clear,0,No,0000000,Not Applicable,16,4:00pm-4:59pm,30,30,16,4:00pm-4:59pm,38,38,16,4:00pm-4:59pm,49,49,1
46,South Dakota,460077,0,0,1,1,0,1,1,61,HANSON (61),0,NOT APPLICABLE,10,October,14,14,6,Friday,2022,15,3:00pm-3:59pm,45,45,CR-260 ST,NA,4,County Road,1,Rural,7,Local,3,Town or Township Highway Agency,0,This section IS NOT on the NHS,0,No Special Jurisdiction,0,None,43.61573889,43.61573889,-97.81635,-97.81635,1,Rollover/Overturn,0,The First Harmful Event was Not a Collision with a Motor Vehicle in Transport,0,No,1,Non-Junction,1,Not an Intersection,4,On Roadside,0,None,1,Daylight,1,Clear,0,No,0000000,Not Applicable,15,3:00pm-3:59pm,56,56,16,4:00pm-4:59pm,13,13,88,Not Applicable (Not Transported),88,Not Applicable (Not Transported),1
46,South Dakota,460078,0,0,2,2,0,3,3,99,MINNEHAHA (99),0,NOT APPLICABLE,10,October,19,19,4,Wednesday,2022,20,8:00pm-8:59pm,59,59,SR-11,CR-258 ST,3,State Highway,1,Rural,4,Minor Arterial,1,State Highway Agency,0,This section IS NOT on the NHS,0,No Special Jurisdiction,834,834,43.64555278,43.64555278,-96.57168611,-96.57168611,12,Motor Vehicle In-Transport,6,Angle,0,No,2,Intersection,2,Four-Way Intersection,1,On Roadway,0,None,2,Dark - Not Lighted,1,Clear,0,No,0000000,Not Applicable,21,9:00pm-9:59pm,7,7,21,9:00pm-9:59pm,25,25,21,9:00pm-9:59pm,53,53,1
46,South Dakota,460079,0,0,2,2,0,2,2,35,DAVISON (35),0,NOT APPLICABLE,10,October,19,19,4,Wednesday,2022,17,5:00pm-5:59pm,30,30,SR-37,NA,3,State Highway,1,Rural,3,Principal Arterial - Other,1,State Highway Agency,1,This section IS ON the NHS,0,No Special Jurisdiction,660,660,43.59266111,43.59266111,-98.00616667,-98.00616667,12,Motor Vehicle In-Transport,2,Front-to-Front,0,No,1,Non-Junction,1,Not an Intersection,1,On Roadway,0,None,1,Daylight,1,Clear,0,No,0000000,Not Applicable,17,5:00pm-5:59pm,31,31,17,5:00pm-5:59pm,40,40,18,6:00pm-6:59pm,4,4,1
46,South Dakota,460080,0,0,1,1,0,1,1,81,LAWRENCE (81),0,NOT APPLICABLE,9,September,17,17,7,Saturday,2022,14,2:00pm-2:59pm,3,3,US-14 A,NA,2,US Highway,1,Rural,4,Minor Arterial,1,State Highway Agency,0,This section IS NOT on the NHS,0,No Special Jurisdiction,173,173,44.413425,44.413425,-103.89330833,-103.89330833,34,Ditch,0,The First Harmful Event was Not a Collision with a Motor Vehicle in Transport,0,No,1,Non-Junction,1,Not an Intersection,4,On Roadside,0,None,1,Daylight,1,Clear,0,No,0000000,Not Applicable,14,2:00pm-2:59pm,6,6,14,2:00pm-2:59pm,13,13,14,2:00pm-2:59pm,39,39,1
46,South Dakota,460081,0,0,1,1,0,1,1,83,LINCOLN (83),0,NOT APPLICABLE,10,October,21,21,6,Friday,2022,18,6:00pm-6:59pm,35,35,CR-274 ST,NA,4,County Road,1,Rural,5,Major Collector,2,County Highway Agency,0,This section IS NOT on the NHS,0,No Special Jurisdiction,0,None,43.41699444,43.41699444,-96.60749444,-96.60749444,59,Traffic Sign Support,0,The First Harmful Event was Not a Collision with a Motor Vehicle in Transport,0,No,1,Non-Junction,1,Not an Intersection,4,On Roadside,0,None,5,Dusk,1,Clear,0,No,0000000,Not Applicable,99,Unknown,99,Unknown,99,Unknown EMS Scene Arrival Hour,99,Unknown EMS Scene Arrival Minutes,88,Not Applicable (Not Transported),88,Not Applicable (Not Transported),1
46,South Dakota,460082,0,0,1,1,0,3,3,7,BENNETT (7),0,NOT APPLICABLE,7,July,5,5,3,Tuesday,2022,18,6:00pm-6:59pm,35,35,CR-BIA 39,NA,4,County Road,1,Rural,5,Major Collector,62,Bureau of Indian Affairs,0,This section IS NOT on the NHS,3,Indian Reservation,0,None,43.38955278,43.38955278,-102.09443333,-102.09443333,35,Embankment,0,The First Harmful Event was Not a Collision with a Motor Vehicle in Transport,0,No,1,Non-Junction,1,Not an Intersection,4,On Roadside,0,None,5,Dusk,1,Clear,0,No,0000000,Not Applicable,18,6:00pm-6:59pm,45,45,18,6:00pm-6:59pm,58,58,20,8:00pm-8:59pm,16,16,2
46,South Dakota,460083,0,0,1,1,0,2,2,71,JACKSON (71),0,NOT APPLICABLE,9,September,22,22,5,Thursday,2022,16,4:00pm-4:59pm,40,40,SR-73,NA,3,State Highway,1,Rural,3,Principal Arterial - Other,1,State Highway Agency,1,This section IS ON the NHS,3,Indian Reservation,645,645,43.74648333,43.74648333,-101.52541111,-101.52541111,32,Culvert,0,The First Harmful Event was Not a Collision with a Motor Vehicle in Transport,0,No,1,Non-Junction,1,Not an Intersection,4,On Roadside,0,None,1,Daylight,6,Severe Crosswinds,0,No,0000000,Not Applicable,99,Unknown,99,Unknown,99,Unknown EMS Scene Arrival Hour,99,Unknown EMS Scene Arrival Minutes,99,Unknown,99,Unknown EMS Hospital Arrival Time,1
46,South Dakota,460084,0,0,2,2,0,2,2,29,CODINGTON (29),0,NOT APPLICABLE,10,October,18,18,3,Tuesday,2022,10,10:00am-10:59am,22,22,SR-20,CR-436 AVE,3,State Highway,1,Rural,4,Minor Arterial,1,State Highway Agency,0,This section IS NOT on the NHS,0,No Special Jurisdiction,3747,3747,45.09371389,45.09371389,-97.49415556,-97.49415556,12,Motor Vehicle In-Transport,2,Front-to-Front,0,No,2,Intersection,2,Four-Way Intersection,1,On Roadway,0,None,1,Daylight,1,Clear,0,No,0000000,Not Applicable,10,10:00am-10:59am,52,52,11,11:00am-11:59am,22,22,88,Not Applicable (Not Transported),88,Not Applicable (Not Transported),1
46,South Dakota,460085,0,0,1,1,0,1,1,29,CODINGTON (29),0,NOT APPLICABLE,10,October,27,27,5,Thursday,2022,8,8:00am-8:59am,0,0,CR-164 ST,NA,4,County Road,1,Rural,7,Local,3,Town or Township Highway Agency,0,This section IS NOT on the NHS,0,No Special Jurisdiction,0,None,45.005975,45.005975,-96.88761389,-96.88761389,1,Rollover/Overturn,0,The First Harmful Event was Not a Collision with a Motor Vehicle in Transport,0,No,1,Non-Junction,1,Not an Intersection,4,On Roadside,0,None,4,Dawn,2,Rain,0,No,0000000,Not Applicable,99,Unknown,99,Unknown,99,Unknown EMS Scene Arrival Hour,99,Unknown EMS Scene Arrival Minutes,88,Not Applicable (Not Transported),88,Not Applicable (Not Transported),1
46,South Dakota,460086,0,0,3,3,0,3,3,103,PENNINGTON (103),2250,RAPID CITY,10,October,19,19,4,Wednesday,2022,10,10:00am-10:59am,5,5,US-16,8TH ST N,2,US Highway,2,Urban,3,Principal Arterial - Other,1,State Highway Agency,1,This section IS ON the NHS,0,No Special Jurisdiction,451,451,44.08403056,44.08403056,-103.22993611,-103.22993611,12,Motor Vehicle In-Transport,6,Angle,0,No,2,Intersection,2,Four-Way Intersection,1,On Roadway,0,None,1,Daylight,1,Clear,0,No,0000000,Not Applicable,10,10:00am-10:59am,7,7,10,10:00am-10:59am,15,15,11,11:00am-11:59am,8,8,1
46,South Dakota,460087,1,1,1,1,0,1,1,99,MINNEHAHA (99),2450,SIOUX FALLS,10,October,19,19,4,Wednesday,2022,19,7:00pm-7:59pm,32,32,W 12TH ST,S HAWTHORNE AVE,6,Local Street - Municipality,2,Urban,3,Principal Arterial - Other,4,City or Municipal Highway Agency,1,This section IS ON the NHS,0,No Special Jurisdiction,0,None,43.543925,43.543925,-96.74810556,-96.74810556,15,Non-Motorist on Personal Conveyance,0,The First Harmful Event was Not a Collision with a Motor Vehicle in Transport,0,No,2,Intersection,3,T-Intersection,1,On Roadway,0,None,3,Dark - Lighted,1,Clear,0,No,0000000,Not Applicable,19,7:00pm-7:59pm,34,34,19,7:00pm-7:59pm,37,37,19,7:00pm-7:59pm,53,53,1
46,South Dakota,460088,0,0,1,1,0,1,1,99,MINNEHAHA (99),0,NOT APPLICABLE,10,October,21,21,6,Friday,2022,14,2:00pm-2:59pm,30,30,CR-484 AVE,NA,4,County Road,1,Rural,5,Major Collector,2,County Highway Agency,0,This section IS NOT on the NHS,0,No Special Jurisdiction,0,None,43.84034444,43.84034444,-96.531775,-96.531775,35,Embankment,0,The First Harmful Event was Not a Collision with a Motor Vehicle in Transport,0,No,1,Non-Junction,1,Not an Intersection,4,On Roadside,0,None,1,Daylight,1,Clear,0,No,0000000,Not Applicable,99,Unknown,99,Unknown,99,Unknown EMS Scene Arrival Hour,99,Unknown EMS Scene Arrival Minutes,88,Not Applicable (Not Transported),88,Not Applicable (Not Transported),1
46,South Dakota,460089,0,0,5,5,0,7,7,103,PENNINGTON (103),2250,RAPID CITY,10,October,24,24,2,Monday,2022,18,6:00pm-6:59pm,55,55,US-16  B,NA,2,US Highway,2,Urban,2,Principal Arterial - Other Freeways and Expressways,1,State Highway Agency,1,This section IS ON the NHS,0,No Special Jurisdiction,650,650,44.02997222,44.02997222,-103.22740833,-103.22740833,12,Motor Vehicle In-Transport,6,Angle,0,No,1,Non-Junction,1,Not an Intersection,1,On Roadway,0,None,2,Dark - Not Lighted,1,Clear,0,No,0000000,Not Applicable,18,6:00pm-6:59pm,57,57,19,7:00pm-7:59pm,3,3,19,7:00pm-7:59pm,31,31,1
46,South Dakota,460090,0,0,9,9,0,13,13,99,MINNEHAHA (99),2450,SIOUX FALLS,10,October,25,25,3,Tuesday,2022,17,5:00pm-5:59pm,49,49,I-29 N,NA,1,Interstate,2,Urban,1,Interstate,1,State Highway Agency,1,This section IS ON the NHS,0,No Special Jurisdiction,783,783,43.53855833,43.53855833,-96.78011667,-96.78011667,12,Motor Vehicle In-Transport,1,Front-to-Rear,0,No,1,Non-Junction,1,Not an Intersection,1,On Roadway,4,"Work Zone, Type Unknown",1,Daylight,1,Clear,0,No,0000000,Not Applicable,17,5:00pm-5:59pm,48,48,18,6:00pm-6:59pm,5,5,18,6:00pm-6:59pm,30,30,1
46,South Dakota,460091,1,1,1,1,0,2,2,99,MINNEHAHA (99),2450,SIOUX FALLS,10,October,25,25,3,Tuesday,2022,19,7:00pm-7:59pm,41,41,SR-42,NA,3,State Highway,2,Urban,3,Principal Arterial - Other,1,State Highway Agency,1,This section IS ON the NHS,0,No Special Jurisdiction,3600,3600,43.54379444,43.54379444,-96.84208611,-96.84208611,8,Pedestrian,0,The First Harmful Event was Not a Collision with a Motor Vehicle in Transport,0,No,1,Non-Junction,1,Not an Intersection,1,On Roadway,0,None,2,Dark - Not Lighted,1,Clear,0,No,0000000,Not Applicable,19,7:00pm-7:59pm,45,45,19,7:00pm-7:59pm,54,54,88,Not Applicable (Not Transported),88,Not Applicable (Not Transported),1